Dstar,a0/b0,a/b,b/h,kx_0,error,material,ply_angle,nx,ny
0.2951748313616615,0.16756882037591905,0.3230769230769231,19.625640094755493,19.111052850826113,2.7335546248809334e-54,Kevlar-49-Epoxy,0.0,30,92
0.2951748313616615,0.23140456147150726,0.4461538461538461,19.625640094755493,13.127095451993984,1.367093668325483e-87,Kevlar-49-Epoxy,0.0,30,67
0.2951748313616615,0.29524030256709544,0.5692307692307692,19.625640094755493,9.405634738950509,8.904809567865118e-117,Kevlar-49-Epoxy,0.0,30,52
0.2951748313616615,0.3590760436626837,0.6923076923076923,19.625640094755493,7.066725652488604,6.472904483703306e-151,Kevlar-49-Epoxy,0.0,30,43
0.2951748313616615,0.4229117847582719,0.8153846153846154,19.625640094755493,5.551174806891588,5.4727612151230204e-207,Kevlar-49-Epoxy,0.0,30,36
0.2951748313616615,0.48674752585386005,0.9384615384615383,19.625640094755493,4.543530820707897,4.9048050028334074e-216,Kevlar-49-Epoxy,0.0,30,31
0.2951748313616615,0.5505832669494484,1.0615384615384615,19.625640094755493,3.8511488962996374,6.469564527125297e-179,Kevlar-49-Epoxy,0.0,31,30
0.2951748313616615,0.6144190080450366,1.1846153846153846,19.625640094755493,3.3704492970414184,2.9882277580345504e-117,Kevlar-49-Epoxy,0.0,35,30
0.2951748313616615,0.6782547491406247,1.3076923076923075,19.625640094755493,3.0365503793756448,2.400472877482009e-87,Kevlar-49-Epoxy,0.0,39,30
0.2951748313616615,0.7420904902362129,1.4307692307692306,19.625640094755493,2.807566963100233,4.962487314547485e-79,Kevlar-49-Epoxy,0.0,42,30
0.2951748313616615,0.8059262313318011,1.5538461538461537,19.625640094755493,2.6557273527237926,6.918012379781693e-78,Kevlar-49-Epoxy,0.0,46,30
0.2951748313616615,0.8697619724273893,1.6769230769230767,19.625640094755493,2.56277197412963,3.479595321670146e-69,Kevlar-49-Epoxy,0.0,50,30
0.2951748313616615,0.9335977135229776,1.8,19.625640094755493,2.516017464378122,0.0,Kevlar-49-Epoxy,0.0,53,30
0.2951748313616615,0.9974334546185657,1.923076923076923,19.625640094755493,2.506289090437121,0.0,Kevlar-49-Epoxy,0.0,57,30
0.2951748313616615,1.061269195714154,2.046153846153846,19.625640094755493,2.5271587472905854,0.0,Kevlar-49-Epoxy,0.0,61,30
0.2951748313616615,1.125104936809742,2.169230769230769,19.625640094755493,2.573829319973677,0.0,Kevlar-49-Epoxy,0.0,65,30
0.2951748313616615,1.1889406779053304,2.292307692307692,19.625640094755493,2.6427442646835857,0.0,Kevlar-49-Epoxy,0.0,68,30
0.2951748313616615,1.2527764190009185,2.4153846153846152,19.625640094755493,2.731099504119612,0.0,Kevlar-49-Epoxy,0.0,72,30
0.2951748313616615,1.3166121600965068,2.5384615384615383,19.625640094755493,2.837814972776914,0.0,Kevlar-49-Epoxy,0.0,76,30
0.2951748313616615,1.380447901192095,2.6615384615384614,19.625640094755493,2.9592911967185063,0.0,Kevlar-49-Epoxy,0.0,79,30
0.2951748313616615,1.4442836422876832,2.7846153846153845,19.625640094755493,2.875566453547513,0.0,Kevlar-49-Epoxy,0.0,83,30
0.2951748313616615,1.5081193833832713,2.9076923076923076,19.625640094755493,2.7794497941321623,0.0,Kevlar-49-Epoxy,0.0,87,30
0.2951748313616615,1.5719551244788597,3.0307692307692307,19.625640094755493,2.7015917043314324,0.0,Kevlar-49-Epoxy,0.0,90,30
0.2951748313616615,1.6357908655744477,3.1538461538461537,19.625640094755493,2.6395193287320087,0.0,Kevlar-49-Epoxy,0.0,94,30
0.2951748313616615,1.699626606670036,3.276923076923077,19.625640094755493,2.5914429397932763,0.0,Kevlar-49-Epoxy,0.0,98,30
0.2951748313616615,1.7634623477656242,3.4,19.625640094755493,2.555742833640139,0.0,Kevlar-49-Epoxy,0.0,102,30
0.2951748313616615,1.8272980888612125,3.523076923076923,19.625640094755493,2.530901477283363,0.0,Kevlar-49-Epoxy,0.0,105,30
0.2951748313616615,1.891133829956801,3.6461538461538465,19.625640094755493,2.516273951875792,0.0,Kevlar-49-Epoxy,0.0,109,30
0.2951748313616615,1.954969571052389,3.7692307692307696,19.625640094755493,2.5101453143835437,0.0,Kevlar-49-Epoxy,0.0,113,30
0.2951748313616615,2.0188053121479768,3.892307692307692,19.625640094755493,2.511459213805231,0.0,Kevlar-49-Epoxy,0.0,116,30
0.2951748313616615,2.0826410532435653,4.015384615384615,19.625640094755493,2.520845737271501,0.0,Kevlar-49-Epoxy,0.0,120,30
0.2951748313616615,2.1464767943391534,4.138461538461538,19.625640094755493,2.5381675675459348,0.0,Kevlar-49-Epoxy,0.0,124,30
0.2951748313616615,2.210312535434742,4.2615384615384615,19.625640094755493,2.560636658838858,0.0,Kevlar-49-Epoxy,0.0,127,30
0.2951748313616615,2.2741482765303296,4.384615384615384,19.625640094755493,2.594042896717693,0.0,Kevlar-49-Epoxy,0.0,131,30
0.2951748313616615,2.337984017625918,4.507692307692308,19.625640094755493,2.6232876378057477,0.0,Kevlar-49-Epoxy,0.0,135,30
0.2951748313616615,2.401819758721506,4.63076923076923,19.625640094755493,2.6621697147988153,0.0,Kevlar-49-Epoxy,0.0,138,30
0.2951748313616615,2.4656554998170948,4.753846153846154,19.625640094755493,2.634345183161876,0.0,Kevlar-49-Epoxy,0.0,142,30
0.2951748313616615,2.5294912409126824,4.8769230769230765,19.625640094755493,2.60217311181789,0.0,Kevlar-49-Epoxy,0.0,146,30
0.2951748313616615,2.593326982008271,5.0,19.625640094755493,2.5752626921545287,0.0,Kevlar-49-Epoxy,0.0,150,30
0.44849447953503546,0.2299681663700723,0.4461538461538462,9.61991461817408,9.584303715768009,6.066474854279022e-55,AS-carbon-epoxy,0.0,30,67
0.44849447953503546,0.2934076605411267,0.5692307692307692,9.61991461817408,7.546522179161764,2.2189214195092353e-90,AS-carbon-epoxy,0.0,30,52
0.44849447953503546,0.35684715471218115,0.6923076923076923,9.61991461817408,6.065771095563086,1.3140893317676814e-133,AS-carbon-epoxy,0.0,30,43
0.44849447953503546,0.4202866488832356,0.8153846153846154,9.61991461817408,5.007581645301734,0.0,AS-carbon-epoxy,0.0,30,36
0.44849447953503546,0.48372614305429,0.9384615384615385,9.61991461817408,4.252657224298447,2.5639631733539964e-152,AS-carbon-epoxy,0.0,30,31
0.44849447953503546,0.5471656372253444,1.0615384615384615,9.61991461817408,3.713085400430785,2.3825825002394134e-133,AS-carbon-epoxy,0.0,31,30
0.44849447953503546,0.6106051313963988,1.1846153846153846,9.61991461817408,3.3281039577562814,1.767876802341769e-122,AS-carbon-epoxy,0.0,35,30
0.44849447953503546,0.6740446255674531,1.3076923076923075,9.61991461817408,3.0547121024031423,2.280909401279709e-115,AS-carbon-epoxy,0.0,39,30
0.44849447953503546,0.7374841197385076,1.4307692307692306,9.61991461817408,2.8658977540419452,2.0663105228296894e-112,AS-carbon-epoxy,0.0,42,30
0.44849447953503546,0.800923613909562,1.5538461538461537,9.61991461817408,2.7414075053500317,1.3831031470326328e-109,AS-carbon-epoxy,0.0,46,30
0.44849447953503546,0.8643631080806166,1.676923076923077,9.61991461817408,2.6674559932032937,0.0,AS-carbon-epoxy,0.0,50,30
0.44849447953503546,0.9278026022516709,1.7999999999999998,9.61991461817408,2.6346250108419547,0.0,AS-carbon-epoxy,0.0,53,30
0.44849447953503546,0.9912420964227253,1.923076923076923,9.61991461817408,2.634191087125688,0.0,AS-carbon-epoxy,0.0,57,30
0.44849447953503546,1.0546815905937799,2.046153846153846,9.61991461817408,2.6615240521073975,0.0,AS-carbon-epoxy,0.0,61,30
0.44849447953503546,1.1181210847648342,2.169230769230769,9.61991461817408,2.7123007540279436,0.0,AS-carbon-epoxy,0.0,65,30
0.44849447953503546,1.1815605789358887,2.292307692307692,9.61991461817408,2.7839849435674973,0.0,AS-carbon-epoxy,0.0,68,30
0.44849447953503546,1.245000073106943,2.4153846153846152,9.61991461817408,2.8746224292574354,0.0,AS-carbon-epoxy,0.0,72,30
0.44849447953503546,1.3084395672779976,2.5384615384615383,9.61991461817408,2.9810941735062824,0.0,AS-carbon-epoxy,0.0,76,30
0.44849447953503546,1.371879061449052,2.6615384615384614,9.61991461817408,3.0361432166958044,0.0,AS-carbon-epoxy,0.0,79,30
0.44849447953503546,1.4353185556201065,2.7846153846153845,9.61991461817408,2.938255288796692,0.0,AS-carbon-epoxy,0.0,83,30
0.44849447953503546,1.4987580497911608,2.9076923076923076,9.61991461817408,2.859248371649971,0.0,AS-carbon-epoxy,0.0,87,30
0.44849447953503546,1.5621975439622153,3.0307692307692307,9.61991461817408,2.7948636868537124,0.0,AS-carbon-epoxy,0.0,90,30
0.44849447953503546,1.6256370381332697,3.1538461538461537,9.61991461817408,2.7445249670509555,0.0,AS-carbon-epoxy,0.0,94,30
0.44849447953503546,1.6890765323043242,3.276923076923077,9.61991461817408,2.7056696883927054,0.0,AS-carbon-epoxy,0.0,98,30
0.44849447953503546,1.7525160264753783,3.3999999999999995,9.61991461817408,2.679090001477059,0.0,AS-carbon-epoxy,0.0,102,30
0.44849447953503546,1.8159555206464328,3.5230769230769226,9.61991461817408,2.5204096005712526,0.0,AS-carbon-epoxy,0.0,105,30
0.44849447953503546,1.8793950148174876,3.6461538461538465,9.61991461817408,2.6470164570054417,0.0,AS-carbon-epoxy,0.0,109,30
0.44849447953503546,1.942834508988542,3.769230769230769,9.61991461817408,2.638179332369795,0.0,AS-carbon-epoxy,0.0,113,30
0.44849447953503546,2.0062740031595965,3.8923076923076922,9.61991461817408,1.5787353239869681,0.0,AS-carbon-epoxy,0.0,116,30
0.44849447953503546,2.0697134973306506,4.015384615384615,9.61991461817408,2.667670699504155,0.0,AS-carbon-epoxy,0.0,120,30
0.44849447953503546,2.133152991501705,4.138461538461538,9.61991461817408,2.7173526366281053,0.0,AS-carbon-epoxy,0.0,124,30
0.44849447953503546,2.1965924856727597,4.2615384615384615,9.61991461817408,2.709178775656984,0.0,AS-carbon-epoxy,0.0,127,30
0.44849447953503546,2.2600319798438138,4.384615384615384,9.61991461817408,2.7374653659190904,0.0,AS-carbon-epoxy,0.0,131,30
0.44849447953503546,2.3234714740148683,4.507692307692308,9.61991461817408,2.7748129403780433,0.0,AS-carbon-epoxy,0.0,135,30
0.44849447953503546,2.3869109681859224,4.63076923076923,9.61991461817408,2.7783267189370653,0.0,AS-carbon-epoxy,0.0,138,30
0.44849447953503546,2.4503504623569774,4.753846153846154,9.61991461817408,2.7432704101190746,0.0,AS-carbon-epoxy,0.0,142,30
0.44849447953503546,2.5137899565280315,4.8769230769230765,9.61991461817408,2.715807972219739,0.0,AS-carbon-epoxy,0.0,146,30
0.44849447953503546,2.577229450699086,5.0,9.61991461817408,2.698884632953842,0.0,AS-carbon-epoxy,0.0,150,30
0.7991212943913769,0.11846066144046499,0.2,16.075243384218382,40.44909472899974,3.474440267954511e-54,E-Glass-Epoxy,0.0,30,150
0.7991212943913769,0.1913595300192127,0.3230769230769231,16.075243384218382,21.933445267158433,9.031533007558658e-95,E-Glass-Epoxy,0.0,30,92
0.7991212943913769,0.26425839859796035,0.4461538461538461,16.075243384218382,13.536159163118354,2.651083398443355e-126,E-Glass-Epoxy,0.0,30,67
0.7991212943913769,0.337157267176708,0.5692307692307692,16.075243384218382,9.328347311592706,1.1275960800739292e-126,E-Glass-Epoxy,0.0,30,52
0.7991212943913769,0.41005613575545574,0.6923076923076923,16.075243384218382,7.013467441320917,1.9606001433684292e-111,E-Glass-Epoxy,0.0,30,43
0.7991212943913769,0.4829550043342034,0.8153846153846154,16.075243384218382,5.633033893410163,2.9588657315635896e-126,E-Glass-Epoxy,0.0,30,36
0.7991212943913769,0.5558538729129511,0.9384615384615385,16.075243384218382,4.7736305286714185,3.1323518558603945e-149,E-Glass-Epoxy,0.0,30,31
0.7991212943913769,0.6287527414916988,1.0615384615384615,16.075243384218382,4.219451065590698,1.0866824787913053e-110,E-Glass-Epoxy,0.0,31,30
0.7991212943913769,0.7016516100704465,1.1846153846153846,16.075243384218382,3.8561206440274702,3.562018115651304e-92,E-Glass-Epoxy,0.0,35,30
0.7991212943913769,0.774550478649194,1.3076923076923075,16.075243384218382,3.6263702877261434,1.097790706335487e-84,E-Glass-Epoxy,0.0,39,30
0.7991212943913769,0.8474493472279417,1.4307692307692306,16.075243384218382,3.4895720443209797,2.179066921654598e-84,E-Glass-Epoxy,0.0,42,30
0.7991212943913769,0.9203482158066894,1.5538461538461537,16.075243384218382,3.4193211271608326,3.6541962459083735e-83,E-Glass-Epoxy,0.0,46,30
0.7991212943913769,0.9932470843854371,1.6769230769230767,16.075243384218382,3.4025499181185497,1.8335331146675908e-81,E-Glass-Epoxy,0.0,50,30
0.7991212943913769,1.0661459529641848,1.7999999999999998,16.075243384218382,3.4262323584873564,5.972425381050727e-92,E-Glass-Epoxy,0.0,53,30
0.7991212943913769,1.1390448215429325,1.923076923076923,16.075243384218382,3.484566213789545,0.0,E-Glass-Epoxy,0.0,57,30
0.7991212943913769,1.2119436901216802,2.046153846153846,16.075243384218382,3.571176993627669,0.0,E-Glass-Epoxy,0.0,61,30
0.7991212943913769,1.2848425587004277,2.169230769230769,16.075243384218382,3.681572760781727,0.0,E-Glass-Epoxy,0.0,65,30
0.7991212943913769,1.3577414272791755,2.292307692307692,16.075243384218382,3.814507912300608,0.0,E-Glass-Epoxy,0.0,68,30
0.7991212943913769,1.4306402958579232,2.4153846153846152,16.075243384218382,3.8372917507320707,0.0,E-Glass-Epoxy,0.0,72,30
0.7991212943913769,1.503539164436671,2.5384615384615383,16.075243384218382,3.718031183146185,0.0,E-Glass-Epoxy,0.0,76,30
0.7991212943913769,1.5764380330154186,2.6615384615384614,16.075243384218382,3.6303764886102314,0.0,E-Glass-Epoxy,0.0,79,30
0.7991212943913769,1.6493369015941663,2.7846153846153845,16.075243384218382,3.5521048075632784,0.0,E-Glass-Epoxy,0.0,83,30
0.7991212943913769,1.722235770172914,2.9076923076923076,16.075243384218382,3.4997824486931317,0.0,E-Glass-Epoxy,0.0,87,30
0.7991212943913769,1.7951346387516616,3.0307692307692307,16.075243384218382,3.455551281297028,0.0,E-Glass-Epoxy,0.0,90,30
0.7991212943913769,1.8680335073304093,3.1538461538461537,16.075243384218382,3.438524477945898,0.0,E-Glass-Epoxy,0.0,94,30
0.7991212943913769,1.940932375909157,3.276923076923077,16.075243384218382,3.4262231867134303,0.0,E-Glass-Epoxy,0.0,98,30
0.7991212943913769,2.0138312444879047,3.4,16.075243384218382,3.426510966941543,0.0,E-Glass-Epoxy,0.0,102,30
0.7991212943913769,2.0867301130666522,3.523076923076923,16.075243384218382,3.4396407197723606,0.0,E-Glass-Epoxy,0.0,105,30
0.7991212943913769,2.1596289816454,3.646153846153846,16.075243384218382,3.1235014597785145,0.0,E-Glass-Epoxy,0.0,109,30
0.7991212943913769,2.2325278502241477,3.769230769230769,16.075243384218382,3.476427897092896,0.0,E-Glass-Epoxy,0.0,113,30
0.7991212943913769,2.3054267188028956,3.8923076923076922,16.075243384218382,3.5191359638844304,0.0,E-Glass-Epoxy,0.0,116,30
0.7991212943913769,2.378325587381643,4.015384615384615,16.075243384218382,3.5588344830152505,0.0,E-Glass-Epoxy,0.0,120,30
0.7991212943913769,2.4512244559603906,4.138461538461538,16.075243384218382,3.5669873029909565,0.0,E-Glass-Epoxy,0.0,124,30
0.7991212943913769,2.5241233245391386,4.2615384615384615,16.075243384218382,3.533760132161544,0.0,E-Glass-Epoxy,0.0,127,30
0.7991212943913769,2.597022193117886,4.384615384615384,16.075243384218382,3.5013871010539073,0.0,E-Glass-Epoxy,0.0,131,30
0.7991212943913769,2.669921061696634,4.507692307692308,16.075243384218382,3.483242358912775,0.0,E-Glass-Epoxy,0.0,135,30
0.7991212943913769,2.7428199302753815,4.63076923076923,16.075243384218382,3.4585739571599703,0.0,E-Glass-Epoxy,0.0,138,30
0.7991212943913769,2.8157187988541295,4.753846153846154,16.075243384218382,3.442854160555003,0.0,E-Glass-Epoxy,0.0,142,30
0.7991212943913769,2.8886176674328765,4.8769230769230765,16.075243384218382,3.425058357490416,0.0,E-Glass-Epoxy,0.0,146,30
0.7991212943913769,2.961516536011625,5.0,16.075243384218382,3.382234264149472,0.0,E-Glass-Epoxy,0.0,150,30
0.2668987032536233,0.11008440756355314,0.2,40.68943921323933,55.98001331748177,2.3302089304049853e-70,boron-epoxy,0.0,30,150
0.2668987032536233,0.17782865837189354,0.3230769230769231,40.68943921323933,27.240658196619854,1.8401122239223598e-53,boron-epoxy,0.0,30,92
0.2668987032536233,0.2455729091802339,0.4461538461538461,40.68943921323933,15.66388688074661,1.1568378909078842e-77,boron-epoxy,0.0,30,67
0.2668987032536233,0.3133171599885743,0.5692307692307692,40.68943921323933,10.197249196527306,6.079816052309899e-75,boron-epoxy,0.0,30,52
0.2668987032536233,0.3810614107969147,0.6923076923076923,40.68943921323933,7.2712473267253355,1.2857035509774186e-90,boron-epoxy,0.0,30,43
0.2668987032536233,0.4488056616052551,0.8153846153846154,40.68943921323933,5.530027376134297,1.3499928751449324e-135,boron-epoxy,0.0,30,36
0.2668987032536233,0.5165499124135955,0.9384615384615386,40.68943921323933,4.438645267527988,5.1683646373482496e-108,boron-epoxy,0.0,30,31
0.2668987032536233,0.5842941632219358,1.0615384615384615,40.68943921323933,3.732569382719861,6.885101452430947e-96,boron-epoxy,0.0,31,30
0.2668987032536233,0.6520384140302763,1.1846153846153846,40.68943921323933,3.255990980941231,9.657329338154973e-86,boron-epoxy,0.0,35,30
0.2668987032536233,0.7197826648386165,1.3076923076923075,40.68943921323933,2.9373708815438553,4.210302661731221e-79,boron-epoxy,0.0,39,30
0.2668987032536233,0.7875269156469569,1.4307692307692306,40.68943921323933,2.731657047433796,2.957378627394048e-72,boron-epoxy,0.0,42,30
0.2668987032536233,0.8552711664552973,1.5538461538461537,40.68943921323933,2.601741160420896,1.698623151828079e-63,boron-epoxy,0.0,46,30
0.2668987032536233,0.9230154172636376,1.6769230769230765,40.68943921323933,2.531720252975018,1.1760538178947736e-61,boron-epoxy,0.0,50,30
0.2668987032536233,0.9907596680719781,1.7999999999999998,40.68943921323933,2.5106226521656527,0.0,boron-epoxy,0.0,53,30
0.2668987032536233,1.0585039188803185,1.923076923076923,40.68943921323933,2.524428154552055,0.0,boron-epoxy,0.0,57,30
0.2668987032536233,1.1262481696886588,2.046153846153846,40.68943921323933,2.569102850432025,0.0,boron-epoxy,0.0,61,30
0.2668987032536233,1.1939924204969994,2.169230769230769,40.68943921323933,2.641855186596709,0.0,boron-epoxy,0.0,65,30
0.2668987032536233,1.2617366713053397,2.292307692307692,40.68943921323933,2.735152439890148,0.0,boron-epoxy,0.0,68,30
0.2668987032536233,1.32948092211368,2.4153846153846152,40.68943921323933,2.8484031427719847,0.0,boron-epoxy,0.0,72,30
0.2668987032536233,1.3972251729220204,2.5384615384615383,40.68943921323933,2.981426231850565,0.0,boron-epoxy,0.0,76,30
0.2668987032536233,1.4649694237303608,2.6615384615384614,40.68943921323933,2.892753827602703,0.0,boron-epoxy,0.0,79,30
0.2668987032536233,1.5327136745387013,2.7846153846153845,40.68943921323933,2.7869235108461163,0.0,boron-epoxy,0.0,83,30
0.2668987032536233,1.6004579253470417,2.9076923076923076,40.68943921323933,2.7035664874949683,0.0,boron-epoxy,0.0,87,30
0.2668987032536233,1.668202176155382,3.0307692307692307,40.68943921323933,2.6365794918186745,0.0,boron-epoxy,0.0,90,30
0.2668987032536233,1.7359464269637224,3.1538461538461537,40.68943921323933,2.5861047389525287,0.0,boron-epoxy,0.0,94,30
0.2668987032536233,1.8036906777720632,3.2769230769230773,40.68943921323933,2.5498619092195853,0.0,boron-epoxy,0.0,98,30
0.2668987032536233,1.871434928580403,3.3999999999999995,40.68943921323933,2.58525701241811,0.0,boron-epoxy,0.0,102,30
0.2668987032536233,2.006923430197084,3.646153846153846,40.68943921323933,2.5098769512052606,0.0,boron-epoxy,0.0,109,30
0.2668987032536233,2.0746676810054243,3.7692307692307687,40.68943921323933,2.5353594597334244,0.0,boron-epoxy,0.0,113,30
0.2668987032536233,2.142411931813765,3.8923076923076922,40.68943921323933,2.53172346853216,0.0,boron-epoxy,0.0,116,30
0.2668987032536233,2.210156182622105,4.015384615384615,40.68943921323933,2.553662286645009,0.0,boron-epoxy,0.0,120,30
0.2668987032536233,2.277900433430445,4.138461538461538,40.68943921323933,2.582761529987517,0.0,boron-epoxy,0.0,124,30
0.2668987032536233,2.345644684238786,4.2615384615384615,40.68943921323933,2.6172051667115857,0.0,boron-epoxy,0.0,127,30
0.2668987032536233,2.4133889350471263,4.384615384615384,40.68943921323933,2.657782436187378,0.0,boron-epoxy,0.0,131,30
0.2668987032536233,2.481133185855467,4.507692307692308,40.68943921323933,2.6495300824831207,0.0,boron-epoxy,0.0,135,30
0.2668987032536233,2.548877436663807,4.63076923076923,40.68943921323933,2.612086883771798,0.0,boron-epoxy,0.0,138,30
0.2668987032536233,2.6166216874721475,4.753846153846154,40.68943921323933,2.581044361159136,0.0,boron-epoxy,0.0,142,30
0.2668987032536233,2.6843659382804876,4.8769230769230765,40.68943921323933,2.5580424519114646,0.0,boron-epoxy,0.0,146,30
0.2668987032536233,2.752110189088828,5.0,40.68943921323933,2.540878035406322,0.0,boron-epoxy,0.0,150,30
0.37316033796595754,0.1037672300929504,0.2,91.30692847871076,88.82989426241065,2.72709200310065e-56,T300-epoxy,0.0,30,150
0.37316033796595754,0.16762398707322756,0.3230769230769231,91.30692847871076,35.718368346211726,2.935374611914433e-48,T300-epoxy,0.0,30,92
0.37316033796595754,0.2314807440535047,0.4461538461538461,91.30692847871076,19.29769870076929,2.4257614684984287e-56,T300-epoxy,0.0,30,67
0.37316033796595754,0.29533750103378187,0.5692307692307692,91.30692847871076,12.236307864966603,2.3798190870239703e-79,T300-epoxy,0.0,30,52
0.37316033796595754,0.359194258014059,0.6923076923076923,91.30692847871076,8.594727217939509,1.847302381576926e-75,T300-epoxy,0.0,30,43
0.37316033796595754,0.4230510149943363,0.8153846153846155,91.30692847871076,6.492439121413532,8.433012594307927e-91,T300-epoxy,0.0,30,36
0.37316033796595754,0.4869077719746134,0.9384615384615385,91.30692847871076,5.185681610460327,3.8019164936348934e-141,T300-epoxy,0.0,30,31
0.37316033796595754,0.5507645289548906,1.0615384615384615,91.30692847871076,4.333328807696751,2.6302034838498967e-98,T300-epoxy,0.0,31,30
0.37316033796595754,0.6146212859351677,1.1846153846153846,91.30692847871076,3.759326230854007,1.7017075299575155e-90,T300-epoxy,0.0,35,30
0.37316033796595754,0.6784780429154448,1.3076923076923075,91.30692847871076,3.36790426695498,6.370898451399258e-81,T300-epoxy,0.0,39,30
0.37316033796595754,0.7423347998957219,1.4307692307692306,91.30692847871076,3.101786241725313,6.951857163346948e-79,T300-epoxy,0.0,42,30
0.37316033796595754,0.8061915568759991,1.5538461538461537,91.30692847871076,2.9251253936594805,4.522869193632848e-70,T300-epoxy,0.0,46,30
0.37316033796595754,0.8700483138562762,1.6769230769230767,91.30692847871076,2.821971899914433,3.2709741270969464e-63,T300-epoxy,0.0,50,30
0.37316033796595754,0.9339050708365534,1.7999999999999998,91.30692847871076,2.762492872856944,3.4845453753445816e-65,T300-epoxy,0.0,53,30
0.37316033796595754,0.9977618278168304,1.9230769230769227,91.30692847871076,2.738555195450631,4.222122789211248e-60,T300-epoxy,0.0,57,30
0.37316033796595754,1.0616185847971078,2.046153846153846,91.30692847871076,2.7578330495189536,0.0,T300-epoxy,0.0,61,30
0.37316033796595754,1.1254753417773848,2.169230769230769,91.30692847871076,2.7996132150032556,0.0,T300-epoxy,0.0,65,30
0.37316033796595754,1.189332098757662,2.292307692307692,91.30692847871076,2.864920174660132,0.0,T300-epoxy,0.0,68,30
0.37316033796595754,1.2531888557379394,2.4153846153846152,91.30692847871076,2.950661963707249,0.0,T300-epoxy,0.0,72,30
0.37316033796595754,1.3170456127182164,2.5384615384615383,91.30692847871076,3.054528416730622,0.0,T300-epoxy,0.0,76,30
0.37316033796595754,1.3809023696984937,2.6615384615384614,91.30692847871076,3.174726052720966,0.0,T300-epoxy,0.0,79,30
0.37316033796595754,1.4447591266787707,2.7846153846153845,91.30692847871076,3.1761157673671416,0.0,T300-epoxy,0.0,83,30
0.37316033796595754,1.5086158836590478,2.907692307692307,91.30692847871076,3.064375427887025,0.0,T300-epoxy,0.0,87,30
0.37316033796595754,1.572472640639325,3.0307692307692307,91.30692847871076,2.974109339386087,0.0,T300-epoxy,0.0,90,30
0.37316033796595754,1.6363293976196025,3.153846153846154,91.30692847871076,2.901756068398286,0.0,T300-epoxy,0.0,94,30
0.37316033796595754,1.7001861545998795,3.276923076923077,91.30692847871076,2.8450244842542243,0.0,T300-epoxy,0.0,98,30
0.37316033796595754,1.7640429115801566,3.4,91.30692847871076,2.8022709180692265,0.0,T300-epoxy,0.0,102,30
0.37316033796595754,1.8278996685604338,3.523076923076923,91.30692847871076,2.760472293336984,0.0,T300-epoxy,0.0,105,30
0.37316033796595754,1.8917564255407109,3.646153846153846,91.30692847871076,2.730946861143886,0.0,T300-epoxy,0.0,109,30
0.37316033796595754,1.955613182520988,3.7692307692307687,91.30692847871076,2.7524106028392046,0.0,T300-epoxy,0.0,113,30
0.37316033796595754,2.019469939501265,3.8923076923076922,91.30692847871076,2.738869819572391,0.0,T300-epoxy,0.0,116,30
0.37316033796595754,2.0833266964815422,4.015384615384615,91.30692847871076,2.732904495104553,0.0,T300-epoxy,0.0,120,30
0.37316033796595754,2.1471834534618193,4.138461538461538,91.30692847871076,2.762600590540065,0.0,T300-epoxy,0.0,124,30
0.37316033796595754,2.2110402104420968,4.2615384615384615,91.30692847871076,2.7825117037256404,0.0,T300-epoxy,0.0,127,30
0.37316033796595754,2.274896967422374,4.384615384615384,91.30692847871076,2.8061539826701467,0.0,T300-epoxy,0.0,131,30
0.37316033796595754,2.3387537244026513,4.507692307692308,91.30692847871076,2.8414150968262204,0.0,T300-epoxy,0.0,135,30
0.37316033796595754,2.402610481382928,4.63076923076923,91.30692847871076,2.8781751850312363,0.0,T300-epoxy,0.0,138,30
0.37316033796595754,2.4664672383632054,4.753846153846154,91.30692847871076,2.89439841414972,0.0,T300-epoxy,0.0,142,30
0.37316033796595754,2.5303239953434824,4.8769230769230765,91.30692847871076,2.8562705052634008,0.0,T300-epoxy,0.0,146,30
0.37316033796595754,2.59418075232376,5.0,91.30692847871076,2.82385749723607,0.0,T300-epoxy,0.0,150,30
0.21435633740490853,0.13453899855305945,0.3230769230769231,94.30514522767945,51.984294654136946,1.3440535613883049e-55,GY-70-epoxy,0.0,30,92
0.21435633740490853,0.18579195038279636,0.4461538461538461,94.30514522767945,28.653484119311813,9.319076632860206e-48,GY-70-epoxy,0.0,30,67
0.21435633740490853,0.2370449022125333,0.5692307692307692,94.30514522767945,17.93650370470009,1.0627299004220733e-56,GY-70-epoxy,0.0,30,52
0.21435633740490853,0.28829785404227026,0.6923076923076923,94.30514522767945,12.464401603063044,8.01252630244683e-77,GY-70-epoxy,0.0,30,43
0.21435633740490853,0.3395508058720072,0.8153846153846154,94.30514522767945,9.157295634228529,1.821414665001021e-77,GY-70-epoxy,0.0,30,36
0.21435633740490853,0.39080375770174414,0.9384615384615385,94.30514522767945,7.0772555502646135,1.0588364643431448e-83,GY-70-epoxy,0.0,30,31
0.21435633740490853,0.442056709531481,1.0615384615384615,94.30514522767945,5.73120298682885,5.238498189065763e-102,GY-70-epoxy,0.0,31,30
0.21435633740490853,0.49330966136121795,1.1846153846153846,94.30514522767945,4.7653154921494085,9.305170285552503e-143,GY-70-epoxy,0.0,35,30
0.21435633740490853,0.5445626131909548,1.3076923076923075,94.30514522767945,4.078349263305127,2.406960907080805e-93,GY-70-epoxy,0.0,39,30
0.21435633740490853,0.5958155650206917,1.4307692307692303,94.30514522767945,3.5966573371189106,5.391145239110286e-85,GY-70-epoxy,0.0,42,30
0.21435633740490853,0.6470685168504287,1.5538461538461537,94.30514522767945,3.2279271205794338,5.713184174271872e-81,GY-70-epoxy,0.0,46,30
0.21435633740490853,0.6983214686801656,1.6769230769230767,94.30514522767945,2.95649883648809,1.4572046765862298e-72,GY-70-epoxy,0.0,50,30
0.21435633740490853,0.7495744205099025,1.7999999999999998,94.30514522767945,2.7681052001295057,2.5141643555651967e-71,GY-70-epoxy,0.0,53,30
0.21435633740490853,0.8008273723396396,1.9230769230769231,94.30514522767945,2.6243591294466277,1.9740797801079726e-73,GY-70-epoxy,0.0,57,30
0.21435633740490853,0.8520803241693764,2.046153846153846,94.30514522767945,2.5249823990792994,3.121129245690759e-65,GY-70-epoxy,0.0,61,30
0.21435633740490853,0.9033332759991134,2.169230769230769,94.30514522767945,2.468782521546466,1.0629969942304775e-57,GY-70-epoxy,0.0,65,30
0.21435633740490853,0.9545862278288503,2.292307692307692,94.30514522767945,2.1818020666140456,0.0,GY-70-epoxy,0.0,68,30
0.21435633740490853,1.0058391796585873,2.4153846153846152,94.30514522767945,2.423454723933713,0.0,GY-70-epoxy,0.0,72,30
0.21435633740490853,1.0570921314883241,2.5384615384615383,94.30514522767945,2.4402759095938906,0.0,GY-70-epoxy,0.0,76,30
0.21435633740490853,1.108345083318061,2.6615384615384614,94.30514522767945,2.4685614265399107,0.0,GY-70-epoxy,0.0,79,30
0.21435633740490853,1.1595980351477981,2.784615384615385,94.30514522767945,2.5186298936595186,0.0,GY-70-epoxy,0.0,83,30
0.21435633740490853,1.2108509869775348,2.907692307692307,94.30514522767945,2.5766687329842033,0.0,GY-70-epoxy,0.0,87,30
0.21435633740490853,1.262103938807272,3.0307692307692307,94.30514522767945,2.6473819283773397,0.0,GY-70-epoxy,0.0,90,30
0.21435633740490853,1.3133568906370088,3.1538461538461537,94.30514522767945,2.7353223377484923,0.0,GY-70-epoxy,0.0,94,30
0.21435633740490853,1.3646098424667459,3.276923076923077,94.30514522767945,2.8280814959130063,0.0,GY-70-epoxy,0.0,98,30
0.21435633740490853,1.4158627942964828,3.4,94.30514522767945,2.915425528983951,0.0,GY-70-epoxy,0.0,102,30
0.21435633740490853,1.4671157461262196,3.523076923076923,94.30514522767945,2.819590346368842,0.0,GY-70-epoxy,0.0,105,30
0.21435633740490853,1.5183686979559565,3.646153846153846,94.30514522767945,2.7332938645415195,0.0,GY-70-epoxy,0.0,109,30
0.21435633740490853,1.5696216497856936,3.7692307692307696,94.30514522767945,2.660174119173663,0.0,GY-70-epoxy,0.0,113,30
0.21435633740490853,1.6208746016154307,3.8923076923076927,94.30514522767945,2.6033957392167983,0.0,GY-70-epoxy,0.0,116,30
0.21435633740490853,1.6721275534451674,4.015384615384615,94.30514522767945,2.552726248876777,0.0,GY-70-epoxy,0.0,120,30
0.21435633740490853,1.723380505274904,4.138461538461538,94.30514522767945,2.5113691315938977,0.0,GY-70-epoxy,0.0,124,30
0.21435633740490853,1.7746334571046414,4.2615384615384615,94.30514522767945,2.4824936204434893,0.0,GY-70-epoxy,0.0,127,30
0.21435633740490853,1.825886408934378,4.384615384615384,94.30514522767945,2.4572678184925434,0.0,GY-70-epoxy,0.0,131,30
0.21435633740490853,1.8771393607641151,4.507692307692308,94.30514522767945,2.4925938416307925,0.0,GY-70-epoxy,0.0,135,30
0.21435633740490853,1.9283923125938518,4.63076923076923,94.30514522767945,2.423176415368599,0.0,GY-70-epoxy,0.0,138,30
0.21435633740490853,1.9796452644235891,4.753846153846154,94.30514522767945,2.421758824100651,0.0,GY-70-epoxy,0.0,142,30
0.21435633740490853,2.0308982162533256,4.8769230769230765,94.30514522767945,2.424937804530088,0.0,GY-70-epoxy,0.0,146,30
0.21435633740490853,2.0821511680830627,5.0,94.30514522767945,2.431982499277051,0.0,GY-70-epoxy,0.0,150,30
0.2951748313616615,0.10373307928033085,0.2,35.11863709371292,54.10157314830711,2.327404496012178e-55,Kevlar-49-Epoxy,0.0,30,150
0.2951748313616615,0.16756882037591905,0.3230769230769231,35.11863709371292,28.342600285033996,6.72534516257976e-94,Kevlar-49-Epoxy,0.0,30,92
0.2951748313616615,0.23140456147150726,0.4461538461538461,35.11863709371292,16.86256218627627,1.8319934425060193e-90,Kevlar-49-Epoxy,0.0,30,67
0.2951748313616615,0.29524030256709544,0.5692307692307692,35.11863709371292,11.15083935496364,2.1542985530024018e-76,Kevlar-49-Epoxy,0.0,30,52
0.2951748313616615,0.3590760436626837,0.6923076923076923,35.11863709371292,7.988508156218725,7.635117689072633e-91,Kevlar-49-Epoxy,0.0,30,43
0.2951748313616615,0.4229117847582719,0.8153846153846154,35.11863709371292,6.077961819253514,1.282509830850163e-125,Kevlar-49-Epoxy,0.0,30,36
0.2951748313616615,0.4867475258538601,0.9384615384615385,35.11863709371292,4.873099021104786,1.372553273188058e-146,Kevlar-49-Epoxy,0.0,30,31
0.2951748313616615,0.5505832669494484,1.0615384615384615,35.11863709371292,4.074941181052567,6.615414088224288e-105,Kevlar-49-Epoxy,0.0,31,30
0.2951748313616615,0.6144190080450366,1.1846153846153846,35.11863709371292,3.5318634160237528,5.775387282190204e-104,Kevlar-49-Epoxy,0.0,35,30
0.2951748313616615,0.6782547491406247,1.3076923076923075,35.11863709371292,3.1592741949305614,3.9587800950171204e-85,Kevlar-49-Epoxy,0.0,39,30
0.2951748313616615,0.7420904902362129,1.4307692307692306,35.11863709371292,2.9020582124406205,7.359695271944901e-79,Kevlar-49-Epoxy,0.0,42,30
0.2951748313616615,0.8059262313318011,1.5538461538461537,35.11863709371292,2.7338766190453008,1.368132715347685e-68,Kevlar-49-Epoxy,0.0,46,30
0.2951748313616615,0.8697619724273893,1.6769230769230767,35.11863709371292,2.629695364540124,5.671268487190863e-63,Kevlar-49-Epoxy,0.0,50,30
0.2951748313616615,0.9335977135229775,1.7999999999999998,35.11863709371292,2.5750737992818946,8.022380461364341e-63,Kevlar-49-Epoxy,0.0,53,30
0.2951748313616615,0.9974334546185656,1.9230769230769227,35.11863709371292,2.5597650968667813,0.0,Kevlar-49-Epoxy,0.0,57,30
0.2951748313616615,1.061269195714154,2.046153846153846,35.11863709371292,2.5746756054088555,0.0,Kevlar-49-Epoxy,0.0,61,30
0.2951748313616615,1.125104936809742,2.169230769230769,35.11863709371292,2.6186068358668275,0.0,Kevlar-49-Epoxy,0.0,65,30
0.2951748313616615,1.1889406779053304,2.292307692307692,35.11863709371292,2.6856137083017844,0.0,Kevlar-49-Epoxy,0.0,68,30
0.2951748313616615,1.2527764190009185,2.4153846153846152,35.11863709371292,2.7726922141173773,0.0,Kevlar-49-Epoxy,0.0,72,30
0.4640419897134277,0.10488570502803717,0.2,95.42243534696877,88.74556551012049,5.687065557813458e-56,AS-carbon-epoxy,3.635275805494226,30,150
0.4640419897134277,0.16943075427606002,0.3230769230769231,95.42243534696877,35.58122841579287,4.135432087608599e-51,AS-carbon-epoxy,3.635275805494226,30,92
0.4640419897134277,0.23397580352408287,0.4461538461538461,95.42243534696877,19.110370525617167,4.4769033365653155e-57,AS-carbon-epoxy,3.635275805494226,30,67
0.4640419897134277,0.2985208527721057,0.5692307692307692,95.42243534696877,12.213885096136854,4.553629143187623e-72,AS-carbon-epoxy,3.635275805494226,30,52
0.4640419897134277,0.3630659020201286,0.6923076923076923,95.42243534696877,8.652346549014432,5.73739207532531e-74,AS-carbon-epoxy,3.635275805494226,30,43
0.4640419897134277,0.4276109512681515,0.8153846153846155,95.42243534696877,6.56068757228472,9.775472154526376e-92,AS-carbon-epoxy,3.635275805494226,30,36
0.4640419897134277,0.49215600051617436,0.9384615384615385,95.42243534696877,5.291737801534008,6.827207888266921e-123,AS-carbon-epoxy,3.635275805494226,30,31
0.4640419897134277,0.5567010497641972,1.0615384615384615,95.42243534696877,4.464086707156536,4.476486917570383e-101,AS-carbon-epoxy,3.635275805494226,31,30
0.4640419897134277,0.62124609901222,1.1846153846153846,95.42243534696877,3.8936222339517266,9.16418482132393e-89,AS-carbon-epoxy,3.635275805494226,35,30
0.4640419897134277,0.6857911482602428,1.3076923076923075,95.42243534696877,3.5178151844404852,1.3965084566668744e-88,AS-carbon-epoxy,3.635275805494226,39,30
0.4640419897134277,0.7503361975082657,1.4307692307692306,95.42243534696877,3.2638968162329087,1.9211236590199306e-85,AS-carbon-epoxy,3.635275805494226,42,30
0.4640419897134277,0.8148812467562886,1.5538461538461537,95.42243534696877,3.0888903992842724,5.586981175229644e-69,AS-carbon-epoxy,3.635275805494226,46,30
0.4640419897134277,0.8794262960043113,1.6769230769230765,95.42243534696877,2.988310171313749,2.123008854292933e-65,AS-carbon-epoxy,3.635275805494226,50,30
0.4640419897134277,0.9439713452523344,1.8,95.42243534696877,2.9377937680109283,5.7817000228968475e-68,AS-carbon-epoxy,3.635275805494226,53,30
0.4640419897134277,1.0085163945003572,1.923076923076923,95.42243534696877,2.92058050259403,3.5813080857015806e-64,AS-carbon-epoxy,3.635275805494226,57,30
0.4640419897134277,1.07306144374838,2.046153846153846,95.42243534696877,2.942567194432758,0.0,AS-carbon-epoxy,3.635275805494226,61,30
0.4640419897134277,1.137606492996403,2.169230769230769,95.42243534696877,2.9916517868025747,0.0,AS-carbon-epoxy,3.635275805494226,65,30
0.4640419897134277,1.2021515422444258,2.292307692307692,95.42243534696877,3.0639663589311334,0.0,AS-carbon-epoxy,3.635275805494226,68,30
0.4640419897134277,1.2666965914924486,2.4153846153846152,95.42243534696877,3.1510360184966917,0.0,AS-carbon-epoxy,3.635275805494226,72,30
0.4640419897134277,1.3312416407404715,2.5384615384615383,95.42243534696877,3.2617609543633796,0.0,AS-carbon-epoxy,3.635275805494226,76,30
0.4640419897134277,1.3957866899884943,2.6615384615384614,95.42243534696877,3.38876158818834,0.0,AS-carbon-epoxy,3.635275805494226,79,30
0.4640419897134277,1.4603317392365174,2.7846153846153845,95.42243534696877,3.3280236116466133,0.0,AS-carbon-epoxy,3.635275805494226,83,30
0.4640419897134277,1.52487678848454,2.907692307692307,95.42243534696877,3.2217800203437683,0.0,AS-carbon-epoxy,3.635275805494226,87,30
0.4640419897134277,1.589421837732563,3.0307692307692307,95.42243534696877,3.136436603346983,0.0,AS-carbon-epoxy,3.635275805494226,90,30
0.4640419897134277,1.6539668869805861,3.153846153846154,95.42243534696877,3.0661340819553384,0.0,AS-carbon-epoxy,3.635275805494226,94,30
0.4640419897134277,1.7185119362286088,3.276923076923077,95.42243534696877,3.014423492228826,0.0,AS-carbon-epoxy,3.635275805494226,98,30
0.4640419897134277,1.7830569854766316,3.4,95.42243534696877,2.9637126198584394,0.0,AS-carbon-epoxy,3.635275805494226,102,30
0.4640419897134277,1.8476020347246545,3.523076923076923,95.42243534696877,2.9458403027004936,0.0,AS-carbon-epoxy,3.635275805494226,105,30
0.4640419897134277,1.9766921332207001,3.769230769230769,95.42243534696877,2.9235502900955725,0.0,AS-carbon-epoxy,3.635275805494226,113,30
0.4640419897134277,2.041237182468723,3.8923076923076922,95.42243534696877,2.9210123688180243,0.0,AS-carbon-epoxy,3.635275805494226,116,30
0.4640419897134277,2.105782231716746,4.015384615384615,95.42243534696877,2.9233128291786215,0.0,AS-carbon-epoxy,3.635275805494226,120,30
0.4640419897134277,2.1703272809647687,4.138461538461538,95.42243534696877,2.9498981207533577,0.0,AS-carbon-epoxy,3.635275805494226,124,30
0.4640419897134277,2.2348723302127915,4.2615384615384615,95.42243534696877,2.9733374625831828,0.0,AS-carbon-epoxy,3.635275805494226,127,30
0.4640419897134277,2.2994173794608144,4.384615384615384,95.42243534696877,2.9997409197046325,0.0,AS-carbon-epoxy,3.635275805494226,131,30
0.4640419897134277,2.3639624287088377,4.507692307692308,95.42243534696877,3.0335146843881162,0.0,AS-carbon-epoxy,3.635275805494226,135,30
0.4640419897134277,2.42850747795686,4.63076923076923,95.42243534696877,3.08326822041994,0.0,AS-carbon-epoxy,3.635275805494226,138,30
0.4640419897134277,2.4930525272048834,4.753846153846154,95.42243534696877,3.058251507333532,0.0,AS-carbon-epoxy,3.635275805494226,142,30
0.4640419897134277,2.5575975764529058,4.8769230769230765,95.42243534696877,2.981618608266194,0.0,AS-carbon-epoxy,3.635275805494226,146,30
0.4640419897134277,2.622142625700929,5.0,95.42243534696877,2.9946630326643726,0.0,AS-carbon-epoxy,3.635275805494226,150,30
0.4517986348933724,0.3865725061348341,0.2,95.31580238838775,7.666992624867888,3.8387667726472505e-82,AS-carbon-epoxy,88.33552736368583,30,150
0.4517986348933724,0.6244632791408858,0.3230769230769231,95.31580238838775,3.8209628528511277,8.18618468984825e-89,AS-carbon-epoxy,88.33552736368583,30,92
0.4517986348933724,0.8623540521469375,0.4461538461538461,95.31580238838775,2.967481891304013,3.182651456515681e-67,AS-carbon-epoxy,88.33552736368583,30,67
0.4517986348933724,1.1002448251529893,0.5692307692307692,95.31580238838775,2.9191554222418703,0.0,AS-carbon-epoxy,88.33552736368583,30,52
0.4517986348933724,1.3381355981590413,0.6923076923076924,95.31580238838775,3.233859342357072,0.0,AS-carbon-epoxy,88.33552736368583,30,43
0.4517986348933724,1.5760263711650928,0.8153846153846154,95.31580238838775,3.123354210773576,0.0,AS-carbon-epoxy,88.33552736368583,30,36
0.4517986348933724,1.8139171441711446,0.9384615384615385,95.31580238838775,2.9257822914053215,0.0,AS-carbon-epoxy,88.33552736368583,30,31
0.4517986348933724,2.051807917177196,1.0615384615384615,95.31580238838775,2.8950786794034595,0.0,AS-carbon-epoxy,88.33552736368583,31,30
0.4517986348933724,2.289698690183248,1.1846153846153846,95.31580238838775,2.9620895828850893,0.0,AS-carbon-epoxy,88.33552736368583,35,30
0.4517986348933724,2.5275894631892992,1.3076923076923075,95.31580238838775,2.987281950349926,0.0,AS-carbon-epoxy,88.33552736368583,39,30
0.4517986348933724,2.765480236195351,1.4307692307692306,95.31580238838775,2.9206599123979995,0.0,AS-carbon-epoxy,88.33552736368583,42,30
0.4517986348933724,3.003371009201403,1.5538461538461539,95.31580238838775,2.849170554137346,0.0,AS-carbon-epoxy,88.33552736368583,46,30
0.4517986348933724,3.2412617822074545,1.6769230769230767,95.31580238838775,2.916151090283993,0.0,AS-carbon-epoxy,88.33552736368583,50,30
0.4517986348933724,3.4791525552135063,1.7999999999999998,95.31580238838775,2.9776901960889326,0.0,AS-carbon-epoxy,88.33552736368583,53,30
0.4517986348933724,3.7170433282195576,1.9230769230769227,95.31580238838775,2.913176174272447,0.0,AS-carbon-epoxy,88.33552736368583,57,30
0.4517986348933724,3.95493410122561,2.046153846153846,95.31580238838775,2.6536740791745945,0.0,AS-carbon-epoxy,88.33552736368583,61,30
0.4517986348933724,4.192824874231662,2.169230769230769,95.31580238838775,2.849963364984993,0.0,AS-carbon-epoxy,88.33552736368583,65,30
0.4517986348933724,4.430715647237713,2.292307692307692,95.31580238838775,2.938759704836706,0.0,AS-carbon-epoxy,88.33552736368583,68,30
0.4517986348933724,4.668606420243766,2.4153846153846152,95.31580238838775,2.8995329289373086,0.0,AS-carbon-epoxy,88.33552736368583,72,30
0.4517986348933724,4.906497193249817,2.5384615384615383,95.31580238838775,2.8577831973435264,0.0,AS-carbon-epoxy,88.33552736368583,76,30
0.4517986348933724,5.144387966255869,2.6615384615384614,95.31580238838775,2.9449407061374258,8.961358505058967e-17,AS-carbon-epoxy,88.33552736368583,79,30
0.4517986348933724,5.3822787392619205,2.7846153846153845,95.31580238838775,2.9154543619295668,4.14061115251858e-20,AS-carbon-epoxy,88.33552736368583,83,30
0.4517986348933724,5.620169512267973,2.9076923076923076,95.31580238838775,2.9135908335023206,2.082250216434764e-15,AS-carbon-epoxy,88.33552736368583,87,30
0.4517986348933724,5.858060285274024,3.0307692307692307,95.31580238838775,2.8897911443553337,2.921942237919138e-14,AS-carbon-epoxy,88.33552736368583,90,30
0.4517986348933724,6.095951058280077,3.153846153846154,95.31580238838775,2.831912942576181,1.0913724346977485e-14,AS-carbon-epoxy,88.33552736368583,94,30
0.4517986348933724,6.3338418312861275,3.276923076923077,95.31580238838775,2.907414631623832,3.901758031752283e-15,AS-carbon-epoxy,88.33552736368583,98,30
0.4517986348933724,6.57173260429218,3.4,95.31580238838775,2.899128827466465,9.917090497755855e-15,AS-carbon-epoxy,88.33552736368583,102,30
0.4517986348933724,6.809623377298232,3.5230769230769234,95.31580238838775,2.890070575083102,1.3031522630075443e-13,AS-carbon-epoxy,88.33552736368583,105,30
0.4517986348933724,7.047514150304283,3.646153846153846,95.31580238838775,2.900277265746003,6.956423859924788e-14,AS-carbon-epoxy,88.33552736368583,109,30
0.4517986348933724,7.285404923310335,3.769230769230769,95.31580238838775,2.904644552039765,2.6719246065457736e-14,AS-carbon-epoxy,88.33552736368583,113,30
0.4517986348933724,7.523295696316386,3.892307692307692,95.31580238838775,2.89637879944468,2.3958117195230655e-14,AS-carbon-epoxy,88.33552736368583,116,30
0.4517986348933724,7.761186469322438,4.015384615384615,95.31580238838775,2.680525890700958,3.3146718606819365e-16,AS-carbon-epoxy,88.33552736368583,120,30
0.4517986348933724,7.9990772423284895,4.138461538461538,95.31580238838775,2.88071511998295,1.0262903530325246e-13,AS-carbon-epoxy,88.33552736368583,124,30
0.4517986348933724,8.236968015334542,4.2615384615384615,95.31580238838775,2.863634343935652,1.2611266848773825e-15,AS-carbon-epoxy,88.33552736368583,127,30
0.4517986348933724,8.474858788340592,4.384615384615384,95.31580238838775,2.8946211781896616,5.544354917619925e-14,AS-carbon-epoxy,88.33552736368583,131,30
0.4517986348933724,8.950640334352697,4.63076923076923,95.31580238838775,2.8966585930328748,2.435900908640299e-14,AS-carbon-epoxy,88.33552736368583,138,30
0.4517986348933724,9.188531107358749,4.753846153846154,95.31580238838775,2.89604242107521,4.4823424093963836e-14,AS-carbon-epoxy,88.33552736368583,142,30
0.4517986348933724,9.4264218803648,4.8769230769230765,95.31580238838775,2.8908901268733858,2.9663898390563422e-15,AS-carbon-epoxy,88.33552736368583,146,30
0.4517986348933724,9.664312653370853,5.0,95.31580238838775,2.888184689789234,1.2841000085940435e-14,AS-carbon-epoxy,88.33552736368583,150,30
1.4850853236992099,0.18152776935682985,0.2,117.64501941221772,33.34908097932432,3.8437638398717472e-59,HMS-carbon-epoxy,35.292738926778576,30,150
1.4850853236992099,0.29323716588410975,0.3230769230769231,117.64501941221772,14.657119037229098,1.2211616213550372e-73,HMS-carbon-epoxy,35.292738926778576,30,92
1.4850853236992099,0.4049465624113896,0.4461538461538461,117.64501941221772,9.203268599275559,1.0127772991635765e-84,HMS-carbon-epoxy,35.292738926778576,30,67
1.4850853236992099,0.5166559589386696,0.5692307692307692,117.64501941221772,6.9571139151998915,7.668642332573365e-88,HMS-carbon-epoxy,35.292738926778576,30,52
1.4850853236992099,0.6283653554659494,0.6923076923076923,117.64501941221772,5.8738500047448925,8.299964756648544e-105,HMS-carbon-epoxy,35.292738926778576,30,43
1.4850853236992099,0.7400747519932294,0.8153846153846154,117.64501941221772,5.331335229552862,6.670749167192319e-120,HMS-carbon-epoxy,35.292738926778576,30,36
1.4850853236992099,0.8517841485205092,0.9384615384615385,117.64501941221772,5.060915471945932,1.0440277011241341e-130,HMS-carbon-epoxy,35.292738926778576,30,31
1.4850853236992099,0.9634935450477892,1.0615384615384615,117.64501941221772,4.961900298586579,6.104181154551418e-149,HMS-carbon-epoxy,35.292738926778576,31,30
1.4850853236992099,1.075202941575069,1.1846153846153846,117.64501941221772,4.97628920167317,9.938308528929988e-175,HMS-carbon-epoxy,35.292738926778576,35,30
1.4850853236992099,1.1869123381023488,1.3076923076923075,117.64501941221772,5.078878724261371,5.762908750068285e-137,HMS-carbon-epoxy,35.292738926778576,39,30
1.4850853236992099,1.2986217346296287,1.4307692307692306,117.64501941221772,5.2387819884982205,1.138194063200128e-101,HMS-carbon-epoxy,35.292738926778576,42,30
1.4850853236992099,1.4103311311569087,1.5538461538461537,117.64501941221772,5.450330249596263,6.546489844416432e-83,HMS-carbon-epoxy,35.292738926778576,46,30
1.4850853236992099,1.5220405276841884,1.6769230769230767,117.64501941221772,5.263838113552111,4.1165176214560285e-89,HMS-carbon-epoxy,35.292738926778576,50,30
1.4850853236992099,1.6337499242114684,1.7999999999999998,117.64501941221772,5.122778814387892,2.753495173138543e-104,HMS-carbon-epoxy,35.292738926778576,53,30
1.4850853236992099,1.7454593207387483,1.923076923076923,117.64501941221772,5.034427098669691,6.771408514203656e-131,HMS-carbon-epoxy,35.292738926778576,57,30
1.4850853236992099,1.8571687172660283,2.046153846153846,117.64501941221772,1.8848820815448897,0.0,HMS-carbon-epoxy,35.292738926778576,61,30
1.4850853236992099,1.968878113793308,2.169230769230769,117.64501941221772,4.346304497390211,0.0,HMS-carbon-epoxy,35.292738926778576,65,30
1.4850853236992099,2.080587510320588,2.292307692307692,117.64501941221772,4.9519760179798675,5.691236074019557e-131,HMS-carbon-epoxy,35.292738926778576,68,30
1.4850853236992099,2.1922969068478677,2.4153846153846152,117.64501941221772,4.9535867712604125,4.3255782748238326e-127,HMS-carbon-epoxy,35.292738926778576,72,30
1.4850853236992099,2.304006303375148,2.5384615384615383,117.64501941221772,5.040694542825615,1.5847056851090243e-131,HMS-carbon-epoxy,35.292738926778576,76,30
1.4850853236992099,2.4157156999024276,2.6615384615384614,117.64501941221772,5.103230474505226,2.828252960591377e-122,HMS-carbon-epoxy,35.292738926778576,79,30
1.4850853236992099,2.527425096429708,2.7846153846153845,117.64501941221772,5.077450934157841,1.0482568770071041e-126,HMS-carbon-epoxy,35.292738926778576,83,30
1.4850853236992099,2.6391344929569875,2.9076923076923076,117.64501941221772,5.027500121096103,8.37970125771216e-151,HMS-carbon-epoxy,35.292738926778576,87,30
1.4850853236992099,2.7508438894842673,3.0307692307692307,117.64501941221772,4.965563169018511,5.485012900607249e-145,HMS-carbon-epoxy,35.292738926778576,90,30
1.4850853236992099,2.8625532860115475,3.1538461538461537,117.64501941221772,4.925722845482831,4.294249227588346e-112,HMS-carbon-epoxy,35.292738926778576,94,30
1.4850853236992099,2.974262682538827,3.276923076923077,117.64501941221772,4.93475336618328,2.3874774112223346e-103,HMS-carbon-epoxy,35.292738926778576,98,30
1.4850853236992099,3.0859720790661074,3.4,117.64501941221772,2.969526826494958,0.0,HMS-carbon-epoxy,35.292738926778576,102,30
1.4850853236992099,3.197681475593387,3.523076923076923,117.64501941221772,3.892649836206362,0.0,HMS-carbon-epoxy,35.292738926778576,105,30
1.4850853236992099,3.309390872120667,3.646153846153846,117.64501941221772,4.5965454079196,8.036859488557412e-63,HMS-carbon-epoxy,35.292738926778576,109,30
1.4850853236992099,3.421100268647947,3.769230769230769,117.64501941221772,5.03045255200819,3.8532718649383426e-107,HMS-carbon-epoxy,35.292738926778576,113,30
1.4850853236992099,3.5328096651752268,3.8923076923076922,117.64501941221772,5.027167850157428,1.2744579944369337e-125,HMS-carbon-epoxy,35.292738926778576,116,30
1.4850853236992099,3.6445190617025065,4.015384615384615,117.64501941221772,4.9310263217772885,1.6358613937372366e-85,HMS-carbon-epoxy,35.292738926778576,120,30
1.4850853236992099,3.7562284582297862,4.138461538461538,117.64501941221772,4.896064110579852,1.083277493709471e-74,HMS-carbon-epoxy,35.292738926778576,124,30
1.4850853236992099,3.8679378547570664,4.2615384615384615,117.64501941221772,4.874405686897138,4.4400834602101586e-76,HMS-carbon-epoxy,35.292738926778576,127,30
1.4850853236992099,3.979647251284346,4.384615384615384,117.64501941221772,4.930575747512057,1.5090572823963657e-70,HMS-carbon-epoxy,35.292738926778576,131,30
1.4850853236992099,4.091356647811626,4.507692307692308,117.64501941221772,2.5137447032524536,0.0,HMS-carbon-epoxy,35.292738926778576,135,30
1.4850853236992099,4.203066044338906,4.63076923076923,117.64501941221772,4.9385208203752775,2.5193779978338932e-85,HMS-carbon-epoxy,35.292738926778576,138,30
1.4850853236992099,4.314775440866186,4.753846153846154,117.64501941221772,4.892051759496161,2.1518147358058754e-76,HMS-carbon-epoxy,35.292738926778576,142,30
1.4850853236992099,4.426484837393466,4.8769230769230765,117.64501941221772,5.010709614666211,9.861208836412153e-101,HMS-carbon-epoxy,35.292738926778576,146,30
1.4850853236992099,4.538194233920746,5.0,117.64501941221772,4.689054120312569,1.6156792260121127e-49,HMS-carbon-epoxy,35.292738926778576,150,30
0.9366627563844898,0.1522804001188979,0.2,19.759361704961762,34.88817683589619,7.272819688776459e-93,AS-carbon-epoxy,25.900276660891667,30,150
0.9366627563844898,0.24599141557668122,0.3230769230769231,19.759361704961762,16.327085743492546,3.1058525055699146e-74,AS-carbon-epoxy,25.900276660891667,30,92
0.9366627563844898,0.33970243103446446,0.44615384615384607,19.759361704961762,9.793733204776347,4.4363329697185405e-88,AS-carbon-epoxy,25.900276660891667,30,67
0.9366627563844898,0.43341344649224783,0.5692307692307692,19.759361704961762,6.87863170072171,3.382278744050638e-103,AS-carbon-epoxy,25.900276660891667,30,52
0.9366627563844898,0.5271244619500312,0.6923076923076923,19.759361704961762,5.390004695282508,5.053380415925218e-125,AS-carbon-epoxy,25.900276660891667,30,43
0.9366627563844898,0.6208354774078144,0.8153846153846153,19.759361704961762,4.567070726614246,6.668266504425244e-129,AS-carbon-epoxy,25.900276660891667,30,36
0.9366627563844898,0.7145464928655978,0.9384615384615385,19.759361704961762,4.098536617609735,4.905493403466229e-101,AS-carbon-epoxy,25.900276660891667,30,31
0.9366627563844898,0.8082575083233812,1.0615384615384615,19.759361704961762,3.8405162536173103,5.096355278320241e-87,AS-carbon-epoxy,25.900276660891667,31,30
0.9366627563844898,0.9019685237811644,1.1846153846153846,19.759361704961762,3.7140727046642774,2.18705960884654e-83,AS-carbon-epoxy,25.900276660891667,35,30
0.9366627563844898,0.9956795392389476,1.3076923076923075,19.759361704961762,3.683198450018458,3.8917095948562805e-82,AS-carbon-epoxy,25.900276660891667,39,30
0.9366627563844898,1.0893905546967309,1.4307692307692306,19.759361704961762,3.7217099967408727,2.0008093888710734e-92,AS-carbon-epoxy,25.900276660891667,42,30
0.9366627563844898,1.1831015701545142,1.5538461538461537,19.759361704961762,3.8121023378909733,0.0,AS-carbon-epoxy,25.900276660891667,46,30
0.9366627563844898,1.2768125856122978,1.676923076923077,19.759361704961762,3.9467549535691218,0.0,AS-carbon-epoxy,25.900276660891667,50,30
0.9366627563844898,1.3705236010700812,1.8,19.759361704961762,4.117072112933783,0.0,AS-carbon-epoxy,25.900276660891667,53,30
0.9366627563844898,1.4642346165278641,1.9230769230769227,19.759361704961762,4.078999681805404,0.0,AS-carbon-epoxy,25.900276660891667,57,30
0.9366627563844898,1.5579456319856475,2.046153846153846,19.759361704961762,3.941670815215118,0.0,AS-carbon-epoxy,25.900276660891667,61,30
0.9366627563844898,1.6516566474434309,2.169230769230769,19.759361704961762,3.8451874925239866,0.0,AS-carbon-epoxy,25.900276660891667,65,30
0.9366627563844898,1.8390786783589976,2.4153846153846152,19.759361704961762,3.731655273673905,0.0,AS-carbon-epoxy,25.900276660891667,72,30
0.9366627563844898,1.9327896938167808,2.5384615384615383,19.759361704961762,3.7133371182467547,0.0,AS-carbon-epoxy,25.900276660891667,76,30
0.9366627563844898,2.0265007092745644,2.6615384615384614,19.759361704961762,3.7148822418301997,0.0,AS-carbon-epoxy,25.900276660891667,79,30
0.9366627563844898,2.1202117247323478,2.7846153846153845,19.759361704961762,3.7289572935316673,0.0,AS-carbon-epoxy,25.900276660891667,83,30
0.9366627563844898,2.2139227401901307,2.9076923076923076,19.759361704961762,3.75627944256754,0.0,AS-carbon-epoxy,25.900276660891667,87,30
0.9366627563844898,2.307633755647914,3.0307692307692307,19.759361704961762,2.370698282469712,0.0,AS-carbon-epoxy,25.900276660891667,90,30
0.9366627563844898,2.4013447711056974,3.1538461538461537,19.759361704961762,3.858338411884723,0.0,AS-carbon-epoxy,25.900276660891667,94,30
0.9366627563844898,2.495055786563481,3.276923076923077,19.759361704961762,3.842966036333544,0.0,AS-carbon-epoxy,25.900276660891667,98,30
0.9366627563844898,2.588766802021264,3.4,19.759361704961762,3.796096382908508,0.0,AS-carbon-epoxy,25.900276660891667,102,30
0.9366627563844898,2.6824778174790476,3.523076923076923,19.759361704961762,3.7613125292476464,0.0,AS-carbon-epoxy,25.900276660891667,105,30
0.9366627563844898,2.776188832936831,3.646153846153846,19.759361704961762,3.7416917040127826,0.0,AS-carbon-epoxy,25.900276660891667,109,30
0.9366627563844898,2.8698998483946143,3.7692307692307696,19.759361704961762,3.7269597089226223,0.0,AS-carbon-epoxy,25.900276660891667,113,30
0.9366627563844898,2.9636108638523977,3.8923076923076927,19.759361704961762,3.721919584897208,0.0,AS-carbon-epoxy,25.900276660891667,116,30
0.9366627563844898,3.0573218793101806,4.015384615384615,19.759361704961762,3.724488977481924,0.0,AS-carbon-epoxy,25.900276660891667,120,30
0.9366627563844898,3.151032894767964,4.138461538461538,19.759361704961762,3.730054066658605,0.0,AS-carbon-epoxy,25.900276660891667,124,30
0.9366627563844898,3.2447439102257474,4.2615384615384615,19.759361704961762,3.7296012691288705,0.0,AS-carbon-epoxy,25.900276660891667,127,30
